{"sum_price": 169399.961, "avg_price": 3079.999290909091, "min_price": 14.2, "max_price": 97176.0, "sum_quantity": 38762, "avg_quantity": 704.7636363636364, "min_quantity": 44, "max_quantity": 1264, "sum_views": 3051678, "avg_views": 55485.05454545454, "min_views": 2278, "max_views": 96556}