{"cosmetics": 727.1875, "fruit": 719.3529411764706, "no": 52.666666666666664, "tools": 775.7894736842105}