{"sum": 268033.0, "avr": 553.7871900826447, "sumMD": 12677.0, "avrMD": 576.2272727272727, "sumSD": 13028.0, "avrSD": 592.1818181818181}